-0.061207171529531,0.20372512936592,-0.045526538044214,-0.10281972587109,-0.013694037683308,0.19528283178806,-0.10659711807966,-0.16859690845013,-0.037413325160742,0.032738909125328,0.080684393644333,-0.029427066445351,0.061208561062813,-0.057887315750122,-0.046485353261232,-0.11649743467569,-0.10190219432116,0.089022867381573,0.00048110648640431,-0.068325199186802,0.039419293403625,0.049037091434002,-0.036483380943537,-0.050414819270372,0.027138942852616,0.0077767143957317,-0.0028393727261573,-0.017502864822745,0.043410491198301,0.076094530522823,0.10602915287018,-0.17351205646992,-0.036466054618359,-0.087387248873711,0.17626455426216,0.045593675225973,-0.047820501029491,-0.085800394415855,0.13012401759624,0.012042919173837,-0.029485058039427,-0.062255460768938,-0.051857613027096,0.19254507124424,-0.099317729473114,-0.0079002445563674,0.063461102545261,0.11883282661438,-0.10877300053835,-0.064414717257023,-0.0045974147506058,0.12582942843437,-0.011771880090237,-0.038939647376537,-0.1111798286438,0.028576485812664,-0.059875890612602,0.05916802585125,-0.0690613463521,-0.099233709275723,-0.066460065543652,0.035941861569881,0.2100146561861,0.016976293176413,0.040102802217007,-0.11874462664127,0.061939258128405,0.023730406537652,-0.051840007305145,0.085061073303223,0.10252571851015,-0.018282569944859,0.00475899502635,-0.1581112742424,-0.0055917892605066,0.00082584877964109,-0.19264096021652,-0.02339874394238,0.028300460427999,0.1410224288702,-0.0048034847714007,0.012105141766369,0.080139815807343,0.14258949458599,-0.087720699608326,-0.028114259243011,0.028532657772303,-0.05214287340641,0.017235578969121,0.034071478992701,-0.034292954951525,-0.1027873903513,0.082584246993065,0.044922303408384,-0.11431996524334,-0.23416090011597,-0.056260775774717,0.076002575457096,-0.083815962076187,-0.043918766081333,0.069120287895203,0.20363247394562,-0.031779874116182,-0.048006519675255,0.026603376492858,0.077166639268398,0.063974373042583,0.084740526974201,0.014984102919698,0.071289718151093,0.092657119035721,-0.11398788541555,-0.084263160824776,0.11593007296324,-0.078500770032406,0.044737946242094,-0.14843834936619,0.040324848145247,0.02194457501173,0.018130384385586,0.041761338710785,-0.19540631771088,-0.10130595415831,-0.09262066334486,0.038142152130604,0.053563047200441,0.017049726098776,0.092124409973621
-0.025724366307259,0.11601044982672,0.1808082908392,-0.10571015626192,-0.046014457941055,0.17294238507748,-0.1967875212431,0.032623808830976,-0.044224753975868,-0.013447680510581,0.011119581758976,-0.13070917129517,-0.076984040439129,-0.064323477447033,0.12297813594341,-0.0041026524268091,-0.090279772877693,0.097557447850704,0.031331058591604,-0.15382346510887,0.092807225883007,0.20972190797329,0.088532939553261,-0.014222430996597,0.034263011068106,-0.05321766808629,0.11710096895695,-0.0099503984674811,0.036200843751431,-0.050224099308252,0.049271106719971,-0.21937942504883,0.057569108903408,0.034168139100075,0.16816067695618,0.041767500340939,0.018331354483962,-0.12233556061983,0.016000840812922,0.025985687971115,-0.085489720106125,-0.069101274013519,-0.036646772176027,0.051296573132277,-0.010967287234962,0.069281831383705,0.05188337340951,0.026093488559127,-0.17643222212791,0.064100652933121,0.073739491403103,0.1124654263258,0.036691293120384,0.022658795118332,-0.093426406383514,0.020268416032195,0.15485817193985,-0.1444840580225,-0.016365252435207,-0.10514921694994,0.0025063685607165,0.035955879837275,-0.025834487751126,0.045781545341015,0.018515843898058,-0.09588710963726,-0.0017751173581928,0.035105392336845,0.0074366768822074,0.26794961094856,0.0026871827431023,-0.062608979642391,-0.066707774996758,-0.17761769890785,0.0052133537828922,-0.041386142373085,-0.15144570171833,0.024516128003597,0.011136427521706,0.036862548440695,0.057743940502405,0.07368092238903,0.041444573551416,0.065507978200912,0.014495201408863,0.0096539845690131,-0.058273695409298,-0.016168408095837,-0.057720568031073,0.19929440319538,0.042799450457096,0.012182043865323,-0.093039005994797,0.075396060943604,-0.064054161310196,0.012267958372831,-0.073225885629654,0.15337240695953,-0.05661940947175,-0.020325295627117,0.12083072960377,0.099178306758404,-0.045104578137398,-0.13279809057713,0.10808428376913,-0.034452479332685,0.027074284851551,-0.10678344219923,0.01649491302669,-0.015139284543693,0.043160244822502,-0.025139404460788,0.016149770468473,-0.031037954613566,0.05442264303565,0.042222905904055,-0.039878088980913,-0.052774086594582,0.010465499013662,0.019117601215839,0.13553886115551,-0.0952083542943,0.036532659083605,-0.073927655816078,0.10388265550137,-0.00015498494030908,0.22800032794476,0.082048617303371
-0.026508074253798,0.063848033547401,0.077053263783455,-0.077568404376507,0.080116905272007,0.13932137191296,-0.17910294234753,-0.13605283200741,0.067454531788826,-0.0544816814363,-0.0052384142763913,-0.011890443973243,-0.11270973086357,-0.052995409816504,0.038280874490738,0.089442424476147,-0.070531897246838,0.042014442384243,0.042224641889334,-0.088097520172596,0.086135320365429,0.25288319587708,-0.0027977307327092,0.0081506064161658,0.035976052284241,0.049842063337564,0.10536857694387,-0.026460014283657,0.04283307120204,0.05740699544549,0.047219883650541,-0.1221756413579,0.033151801675558,-0.0097485594451427,0.19893132150173,0.11533621698618,0.06585706025362,-0.18348723649979,0.081027336418629,-0.023104593157768,-0.047203462570906,-0.018873484805226,0.039862610399723,0.031076388433576,0.0473862439394,0.13115625083447,0.081107318401337,0.056262172758579,-0.072121940553188,0.014693427830935,0.015958391129971,0.065785899758339,0.068621620535851,-0.013625738210976,0.039655074477196,0.028140338137746,0.055240027606487,-0.069767579436302,-0.11056147515774,-0.0047256401740015,0.017921604216099,0.0044179926626384,0.068378172814846,0.032644599676132,0.053831372410059,-0.15077012777328,-0.043529767543077,0.059764306992292,0.059169579297304,0.22957813739777,0.018797129392624,-0.0060228458605707,-0.089468412101269,-0.20671354234219,-0.014371004886925,0.028646582737565,-0.10082639753819,0.10459958016872,-0.044271532446146,-0.014660647138953,0.1752425134182,0.21416799724102,0.025749621912837,0.11358448863029,0.015020993538201,-0.016356026753783,-0.04743892326951,0.051838364452124,-0.10309499502182,0.19806218147278,0.065128847956657,0.038519077003002,-0.13348489999771,0.13844104111195,-0.032714169472456,0.068521112203598,-0.074458584189415,0.064808420836926,0.017663178965449,-0.033400028944016,0.13415648043156,0.011590294539928,-0.087955079972744,-0.18429882824421,0.039970878511667,-8.5734791355208e-05,0.014118471182883,-0.15231794118881,-0.05907816067338,0.10800120234489,0.056290313601494,-0.069165021181107,0.021784208714962,-0.010184864513576,0.051279105246067,0.053238864988089,-0.080391451716423,-0.033734180033207,-0.11177311837673,0.019703023135662,0.13486102223396,-0.00072814029408619,0.11099500954151,-0.083296857774258,-0.0076610767282546,0.087666913866997,0.15107923746109,0.035855524241924
-0.018728949129581,0.10156063735485,0.039254311472178,-0.15285941958427,0.006300444714725,0.16834419965744,-0.14944052696228,-0.045533120632172,-0.031146263703704,-0.031672108918428,0.001722096814774,-0.063680894672871,-0.10081878304482,-0.015516706742346,0.13112008571625,-0.023673929274082,-0.030849182978272,-0.043306183069944,0.15341408550739,-0.14088685810566,-0.042131520807743,0.27644723653793,0.01088350918144,0.078862868249416,0.05009151995182,0.0095783332362771,0.22229331731796,0.049290124326944,0.12155240029097,-0.001914382330142,0.09326309710741,-0.29030248522758,0.013739508576691,-0.049452785402536,0.10957423597574,0.089637145400047,-0.007192702498287,-0.20571877062321,0.032653301954269,0.13622534275055,-0.042379703372717,-0.0024443925358355,-0.020885713398457,0.12766766548157,-0.0061674234457314,0.090362131595612,0.053535513579845,0.072368323802948,-0.067868463695049,0.030325973406434,0.011435371823609,0.083220720291138,0.067401900887489,-0.086699821054935,-0.074358463287354,0.073956415057182,-0.016775874421,0.11997398734093,-0.058386504650116,0.029677243903279,-0.093509286642075,0.049321487545967,0.13015249371529,0.0035004036035389,0.012579231522977,-0.11243972182274,0.032604899257421,-0.055082842707634,-0.027625927701592,0.16870918869972,-0.000572539283894,0.0073020183481276,-0.079574607312679,-0.10390365123749,0.056022118777037,-0.02178743109107,-0.096649713814259,0.048534709960222,-0.003418812295422,0.058140024542809,0.14921489357948,0.064304307103157,0.061772383749485,0.070340223610401,0.026448989287019,-0.078093722462654,-0.04820778220892,-0.05664236843586,-0.10146195441484,0.13031497597694,0.051791865378618,0.038908116519451,-0.083581782877445,0.11216881871223,0.086750328540802,0.014751042239368,-0.020305272191763,0.04537545889616,-0.0046057966537774,-0.026125712320209,-0.002441520569846,0.072977602481842,-0.047244984656572,-0.15040522813797,-0.1115790605545,0.04315909743309,0.017171477898955,-0.16902694106102,-0.032869759947062,0.033984895795584,0.20138208568096,-0.023142931982875,0.072129800915718,0.019594827666879,-0.024592557922006,0.064553320407867,-0.012889848090708,0.010579532943666,-0.020372204482555,0.059733208268881,0.11315411329269,-0.15777085721493,-0.0053358650766313,-0.091766960918903,-0.054543253034353,0.071743130683899,0.058701850473881,0.042146828025579
0.016191981732845,0.087604343891144,0.13541658222675,-0.086872138082981,0.0018472581868991,0.18559265136719,-0.2032463401556,-0.076386451721191,-0.048368331044912,-0.13254007697105,0.0058442871086299,-0.082294389605522,-0.1146189942956,-0.13878530263901,0.075261332094669,0.045595016330481,-0.13632524013519,-0.025123313069344,0.046140745282173,-0.085148468613625,0.091982156038284,0.20446792244911,0.099777095019817,-0.049893502146006,0.0401108302176,0.039579257369041,0.080166265368462,-0.086367130279541,0.055305778980255,-0.073476657271385,0.099786356091499,-0.16546887159348,-0.0074181379750371,0.039668761193752,0.17980472743511,0.074850521981716,0.029475772753358,-0.078761830925941,0.13999198377132,0.016727788373828,-0.055591363459826,-0.066665463149548,-0.052339669317007,0.0084772696718574,0.019032815471292,0.11675888299942,0.087991997599602,0.030963443219662,-0.19192078709602,0.093135491013527,-0.070652715861797,0.11286591738462,0.081590488553047,0.024644244462252,-0.074497073888779,-0.04506254568696,0.15634420514107,-0.049244310706854,-0.13441368937492,-0.057631902396679,0.00013284847955219,0.087531171739101,0.11368368566036,0.0023001821245998,0.04832961037755,-0.086250878870487,0.010593503713608,0.041644919663668,0.02566296979785,0.22752445936203,-0.040032517164946,-0.017443045973778,-0.10951390117407,-0.06514173746109,0.026997335255146,-0.10106889903545,-0.12310560792685,0.0010224651778117,0.0082063870504498,0.13073626160622,0.079449653625488,0.096340969204903,0.025857308879495,0.039473887532949,-0.017097817733884,-0.020537320524454,-0.066870592534542,0.01343640498817,-0.11060231924057,0.14232234656811,0.17794440686703,0.035698488354683,-0.072917148470879,0.1484961360693,-0.024611761793494,0.012666151858866,-0.040564965456724,0.14899457991123,-0.047424528747797,-0.036501783877611,0.05105185508728,0.0099097564816475,-0.14391489326954,-0.08851270377636,0.10044278204441,0.026651667430997,0.084577389061451,-0.030979435890913,0.026912197470665,0.02351676300168,0.067484706640244,0.013095588423312,0.0045150965452194,0.0058949803933501,0.083369582891464,0.066344119608402,-0.080772675573826,-0.031935423612595,0.018168143928051,0.059276401996613,0.11123492568731,-0.032453998923302,0.083923861384392,-0.059038560837507,0.032913602888584,0.015767998993397,0.20341719686985,0.042811695486307
-0.0033184757921845,0.067860096693039,0.068835958838463,-0.13684165477753,0.053765490651131,0.12032891064882,-0.15816679596901,-0.052779354155064,0.062810525298119,-0.076702512800694,-0.0083679771050811,-0.086188711225986,-0.10381071269512,-0.060203813016415,0.051933165639639,0.0860590711236,-0.061648041009903,0.035008814185858,0.046590398997068,-0.13380661606789,0.12241273373365,0.28765574097633,0.022698879241943,-0.038158535957336,0.005225189961493,0.041245695203543,0.12764030694962,-0.033880598843098,0.1233407407999,0.036024656146765,0.067451387643814,-0.15731139481068,0.033553723245859,-0.018381014466286,0.20745569467545,0.069946080446243,0.055359352380037,-0.12816305458546,0.079683303833008,0.0049966471269727,-0.08630346506834,0.0046829539351165,-0.0096944887191057,0.10170128196478,0.050845291465521,0.12432356178761,0.04983301460743,0.05505333095789,-0.083107948303223,0.0067294705659151,-0.039991848170757,0.10042809695005,0.059077221900225,-0.020637487992644,-0.050130147486925,0.015369227156043,0.095242060720921,-0.04870231449604,-0.11187338829041,-0.025113610550761,0.014738916419446,-0.019854059442878,0.09378332644701,0.062040966004133,0.026900393888354,-0.18868239223957,-0.016686392948031,0.028874756768346,0.091292276978493,0.21551083028316,-0.0040190238505602,-0.035419352352619,-0.094326741993427,-0.18108826875687,-0.059916559606791,-0.050378020852804,-0.10971054434776,0.087963938713074,-0.047770641744137,-0.0044025052338839,0.17421826720238,0.18749108910561,0.0031056494917721,0.088419526815414,0.051755286753178,-0.052299939095974,-0.055762264877558,0.029251106083393,-0.084370888769627,0.15995298326015,0.1109955534339,0.058985881507397,-0.18486334383488,0.099460393190384,0.049737479537725,0.067025043070316,-0.05935138091445,0.11217356473207,-0.024161610752344,0.0046444642357528,0.10097821801901,0.022740112617612,-0.070120245218277,-0.15548887848854,0.013303145766258,-0.032900799065828,0.035056013613939,-0.14488697052002,0.026818851009011,0.063426032662392,0.08268778026104,-0.066672801971436,-0.024247542023659,-0.0035968774463981,0.075830027461052,0.07946589589119,-0.027241121977568,-0.074853219091892,-0.067919582128525,0.0041212155483663,0.11472287774086,-0.0014106885064393,0.10650610178709,-0.057801354676485,-0.017160909250379,0.0040480345487595,0.14397586882114,0.032980788499117
-0.078238964080811,0.07306382805109,0.055613551288843,-0.17602810263634,0.035452891141176,0.19933770596981,-0.20084245502949,-0.033945955336094,0.0053938361816108,-0.077518373727798,-0.044852033257484,-0.053123187273741,-0.099704407155514,-0.07477667927742,0.093186102807522,0.01838668435812,-0.095915377140045,0.01251074206084,0.097587786614895,-0.17711775004864,0.046950720250607,0.24464292824268,0.026352401822805,-0.041772034019232,0.038104981184006,0.028556875884533,0.14408327639103,-0.036961156874895,0.040011808276176,-0.037589985877275,0.13981911540031,-0.21715380251408,0.041224207729101,-0.018192829564214,0.17162397503853,0.097025878727436,0.031836897134781,-0.22486355900764,0.088472113013268,0.070528320968151,0.0008216270362027,-0.026842892169952,0.024663826450706,0.095324710011482,0.024153241887689,0.06871435046196,0.075319163501263,0.032643549144268,-0.12916435301304,0.010787921026349,-0.067149132490158,-0.01044618152082,0.092465654015541,-0.034570466727018,-0.10731260478497,0.073102228343487,0.053809344768524,0.013595349155366,-0.11791706830263,-0.014436851255596,-0.043305248022079,0.075953461229801,0.093665339052677,0.0047901426441967,0.056769270449877,-0.11319694668055,-0.011922586709261,0.018194718286395,0.022255325689912,0.17092725634575,0.0090170912444592,-0.027875669300556,-0.099379643797874,-0.18673649430275,0.019524777308106,0.010978596284986,-0.15590742230415,0.01933272369206,-0.041090335696936,0.016728447750211,0.077393591403961,0.13539074361324,0.062044683843851,0.13704204559326,-0.052794586867094,0.011960914358497,-0.012636290863156,-0.014435517601669,-0.11827825754881,0.12518173456192,0.079562805593014,0.024099010974169,-0.099730685353279,0.10085589438677,0.042708147317171,0.070451982319355,-0.080481827259064,0.11924356967211,-0.093081600964069,0.020586287602782,0.027385557070374,-0.01573328115046,-0.10038498044014,-0.14714874327183,0.02385550737381,0.021926715970039,0.0064467000775039,-0.12790988385677,-0.11568567156792,0.055748842656612,0.088748291134834,-0.099306754767895,0.02974071726203,-0.021072974428535,0.012006219476461,0.055149480700493,-0.0708943977952,-0.02313750423491,0.0069540152326226,0.044401545077562,0.1608625203371,-0.10629450529814,0.038601819425821,-0.10079247504473,-0.021498085930943,0.027173809707165,0.070549011230469,0.06563525646925
-0.055602170526981,0.02739923261106,0.054541129618883,-0.11622902750969,0.11674713343382,0.17311307787895,-0.19501902163029,-0.13597224652767,-0.0067986990325153,-0.11686683446169,-0.11176677048206,-0.020156964659691,-0.10258906334639,0.047404997050762,0.11219277232885,0.045928623527288,-0.036571897566319,0.045646049082279,0.093560799956322,-0.16186821460724,0.038884669542313,0.22984082996845,0.11112827062607,-0.07948200404644,0.088986538350582,-0.0027845143340528,0.064213402569294,-0.020548580214381,-0.047006454318762,-0.0035950760357082,0.14853069186211,-0.091680124402046,0.040081430226564,-0.027396427467465,0.173743262887,0.11328212916851,0.025404706597328,-0.20353338122368,0.086581282317638,0.019516494125128,-0.003474649740383,0.055274251848459,0.070968955755234,0.0091908620670438,-0.014882581308484,0.11649920791388,0.06762670725584,0.011570580303669,-0.053775288164616,0.030778937041759,-0.014447830617428,-0.036869436502457,0.13685573637486,-0.029301790520549,-0.071826830506325,0.042001508176327,0.11386209726334,0.024490553885698,-0.063881121575832,0.0024410928599536,-0.012789744883776,0.13285066187382,0.011017247103155,-0.033666122704744,0.087160564959049,-0.076240085065365,-0.051294684410095,0.096984453499317,-0.00036823310074396,0.23626041412354,0.052928064018488,0.037118159234524,-0.077980890870094,-0.18690897524357,-0.033883575350046,0.066969729959965,-0.13644753396511,-0.073342017829418,-0.072487473487854,-0.023280255496502,0.09302131831646,0.17060840129852,0.040999807417393,0.12541112303734,-0.050742354243994,-0.022875489667058,-0.044641897082329,-0.0070367967709899,-0.1675521582365,0.10581078380346,0.050666719675064,0.055426083505154,-0.061557341367006,0.065586164593697,0.053992293775082,0.10214644670486,-0.081327743828297,0.17773324251175,-0.080807879567146,0.025714507326484,0.039200957864523,-0.020888924598694,-0.054407875984907,-0.11601386964321,0.0095133380964398,-0.003549849614501,-0.03926420211792,-0.14189140498638,-0.088558435440063,0.090796254575253,0.059061367064714,-0.10552691668272,0.045378781855106,-0.011107187718153,-0.0026750166434795,0.044434674084187,-0.054311916232109,0.0029085173737258,-0.03248219192028,0.076592229306698,0.1704962849617,-0.03182353079319,0.044248674064875,-0.12551991641521,-0.037693332880735,0.019401958212256,0.073231361806393,0.066855236887932
-0.058216225355864,0.033754348754883,0.096944734454155,-0.19783760607243,-0.047832999378443,0.12644830346107,-0.1919474452734,0.032018341124058,-0.061691828072071,-0.086506277322769,-0.043586555868387,-0.11944051831961,-0.075830362737179,0.017678631469607,0.12285160273314,0.016111388802528,-0.084446631371975,-0.0060966359451413,0.14506390690804,-0.19844454526901,0.050230983644724,0.23938594758511,0.10617414861917,-0.090269684791565,-0.0085350424051285,0.05268220230937,0.15665748715401,-0.060489658266306,0.033011123538017,-0.073604620993137,0.076550230383873,-0.23372250795364,0.066294990479946,-0.026907796040177,0.13401624560356,0.071192726492882,0.013958446681499,-0.088209487497807,0.074464976787567,0.13700108230114,-0.092967487871647,0.013813636265695,-0.071798965334892,0.048026572912931,0.025843873620033,0.14474675059319,0.048082791268826,-0.044010926038027,-0.15375927090645,0.00101270864252,-0.067884102463722,0.037987783551216,0.09493288397789,0.027433555573225,-0.15986932814121,0.049284845590591,0.19937333464622,-0.0038355027791113,-0.073254078626633,0.011982783675194,0.016233365982771,0.085393853485584,0.032779596745968,0.037131562829018,0.058047708123922,-0.12439036369324,0.014418714679778,0.064195707440376,0.094862751662731,0.19450625777245,0.0080798445269465,-0.059516698122025,-0.10913114249706,-0.14445401728153,0.032790701836348,-0.015918726101518,-0.17712135612965,-0.023143278434873,-0.026443326845765,0.011778476648033,0.019686829298735,0.065714403986931,0.025221856310964,0.083534888923168,-0.065665364265442,0.0047702929005027,-0.018162624910474,-0.066701926290989,-0.14666785299778,0.059513043612242,0.066638715565205,0.051888655871153,-0.044805217534304,0.067207626998425,0.059413861483335,0.072621367871761,-0.04416074231267,0.16377671062946,-0.048609025776386,0.059419117867947,-0.00060021918034181,0.021823029965162,-0.086559943854809,-0.094663947820663,0.051507033407688,-0.036989439278841,0.0018172858981416,-0.11924932152033,-0.059909462928772,-0.037734933197498,0.063946783542633,-0.090948596596718,0.036950662732124,-0.07234338670969,0.026668269187212,0.11463439464569,-0.026017544791102,-0.080063946545124,0.01824052259326,0.022299842908978,0.11658009886742,-0.10398610681295,0.011449832469225,-0.090587928891182,0.004351454321295,3.963469498558e-05,0.066279642283916,0.097745209932327
-0.016792783513665,0.1222036704421,0.062263261526823,-0.12752640247345,0.12609319388866,0.12062074244022,-0.16420565545559,-0.14105398952961,-0.077418923377991,-0.09318695217371,-0.068424880504608,-0.046540588140488,-0.096396595239639,0.024825364351273,0.10320032387972,0.11457431316376,-0.0066249542869627,0.018605161458254,0.08080867677927,-0.091525360941887,0.042533278465271,0.28087732195854,0.068677045404911,-0.036479253321886,0.059049889445305,0.0079683689400554,0.078269489109516,0.03752338886261,0.12036839872599,0.058021310716867,0.03642351180315,-0.079851090908051,0.029635172337294,-0.016543647274375,0.14888292551041,0.092115513980389,0.057917062193155,-0.18850368261337,0.095409527420998,0.032165799289942,-0.049290299415588,0.031429395079613,0.12857151031494,0.0064742807298899,0.014778963290155,0.21263566613197,0.14311085641384,0.042529750615358,-0.1278400272131,0.047208923846483,-0.01108639780432,0.041963949799538,0.064760841429234,-0.022857613861561,-0.042229257524014,0.01607115007937,0.089229561388493,0.025590682402253,-0.074237629771233,0.042158924043179,-0.0095392111688852,0.12388631701469,0.051200646907091,-0.0014852111926302,0.053284838795662,-0.083018556237221,-0.064960956573486,0.010199286974967,-0.017278768122196,0.19107620418072,0.0057616662234068,0.013182697817683,-0.081918992102146,-0.10648657381535,0.027821337804198,0.035090457648039,-0.066366992890835,0.018192794173956,-0.045769516378641,-0.05177229642868,0.21118251979351,0.18586695194244,0.0035935826599598,0.11428939551115,0.010234389454126,0.0016187771689147,-0.11921963095665,-0.021060828119516,-0.16125445067883,0.18419936299324,0.11251954734325,0.064205951988697,-0.15902964770794,0.11092472076416,0.081168659031391,0.10134372860193,-0.059496324509382,0.19419287145138,-0.020118815824389,-0.009593321941793,0.023029860109091,-0.0037568262778223,-0.033568773418665,-0.081696920096874,-0.073950700461864,0.047010838985443,-0.016362754628062,-0.078373394906521,-0.0036310048308223,0.05279828235507,0.11086937040091,-0.068209998309612,0.026893021538854,0.017347207292914,-0.010639012791216,0.039293248206377,-0.027419352903962,-0.0044718426652253,-0.066857673227787,0.074866250157356,0.12031323462725,-0.019194059073925,0.083554044365883,-0.092450655996799,-0.086851552128792,0.05330628156662,0.081662319600582,-0.0065544056706131
0.014149931259453,0.11649475246668,0.179951608181,-0.095932222902775,0.054034110158682,0.20888613164425,-0.10213539004326,-0.051970303058624,-0.08271836489439,-0.091423481702805,-0.074569679796696,-0.08647445589304,-0.15016049146652,-0.040438931435347,0.14272099733353,-0.0072180265560746,-0.076673977077007,0.0073602716438472,0.067129656672478,-0.18871988356113,0.036877889186144,0.28414162993431,0.024650488048792,-0.018944280222058,0.076612420380116,-0.057460840791464,0.0414456166327,0.038175072520971,0.067912600934505,-0.023420449346304,0.060598287731409,-0.20897695422173,-0.081048123538494,-0.018949892371893,0.17147105932236,0.042429350316525,-0.0052849464118481,-0.23020052909851,0.059687044471502,0.069733932614326,-0.013301176950336,0.034912835806608,0.024719359353185,0.010592265985906,0.010506012476981,0.1566456258297,0.056563973426819,0.0055346987210214,-0.12528996169567,0.055825244635344,0.054991841316223,0.098058305680752,0.053079623728991,-0.019397838041186,-0.064601361751556,-0.0047333748079836,0.090243987739086,0.021787207573652,-0.040322333574295,0.00182624545414,0.021122777834535,0.14550493657589,0.0066649373620749,-0.00018087559146807,0.038727503269911,-0.095295675098896,0.022970899939537,-0.006928273010999,-0.014399722218513,0.26321828365326,0.057445108890533,0.064182825386524,-0.021311067044735,-0.086984388530254,-0.0067450748756528,0.018554143607616,-0.13105672597885,-0.014636380597949,-0.0036107990890741,0.017609644681215,0.16095915436745,0.12737074494362,0.076006755232811,0.093340165913105,0.03455838188529,-0.046342425048351,-0.055308323353529,-0.033703215420246,-0.1620634496212,0.16818977892399,0.085432395339012,0.050974328070879,-0.099803328514099,0.073498114943504,-0.011902752332389,0.031198205426335,0.014862248674035,0.096008293330669,-0.034378033131361,0.030317975208163,0.041868388652802,0.097529210150242,-0.032617084681988,-0.12901124358177,-0.049582798033953,0.0045436713844538,0.023053865879774,-0.09131383895874,-0.038438811898232,0.065150678157806,0.16795414686203,-0.062718726694584,0.031862802803516,-0.012222389690578,0.021615570411086,0.06658510863781,-0.04717093333602,0.041143078356981,-0.065178461372852,0.01918163523078,0.10344695299864,-0.06512539088726,0.052922289818525,-0.12160617858171,0.027815209701657,0.050178419798613,0.1331809014082,0.025664441287518
-0.040925677865744,0.095629744231701,0.1116524413228,-0.16314627230167,0.0081921238452196,0.21859733760357,-0.1840610653162,0.015943145379424,-0.14458234608173,-0.050793014466763,-0.075765237212181,-0.11829517036676,-0.088109374046326,-0.076270461082458,0.12198260426521,0.045162178575993,-0.099444918334484,0.040044218301773,0.10725847631693,-0.17754681408405,0.081087119877338,0.19293864071369,0.10879282653332,-0.066280320286751,0.051410969346762,0.011942595243454,0.070027776062489,-0.074288308620453,0.067449659109116,-0.088311612606049,0.10676193982363,-0.19104860723019,-0.026437316089869,-0.010092653334141,0.15380918979645,0.053607326000929,-0.033002905547619,-0.14731159806252,0.09857839345932,0.064892061054707,-0.068893045186996,-0.017002090811729,0.0014866431010887,0.061402261257172,0.018793500959873,0.1003764346242,0.114368095994,0.0060034645721316,-0.23036631941795,0.03805610165,-0.012527612969279,0.018613710999489,0.06729781627655,-0.020504143089056,-0.14076311886311,0.024036480113864,0.17579208314419,0.023904534056783,-0.028911080211401,-0.074807964265347,0.011965569108725,0.15129646658897,0.066221222281456,-0.0017663616454229,0.069676503539085,-0.075106889009476,-0.025453478097916,0.035844836384058,0.011874449439347,0.22266001999378,-0.011314610950649,0.026071380823851,-0.090865828096867,-0.10274869948626,-0.00557143939659,-0.051396679133177,-0.15639957785606,-0.0089301327243447,0.0086705237627029,0.030593482777476,0.045299794524908,0.087283991277218,0.029890073463321,0.063856430351734,-0.062451902776957,-0.011182337999344,-0.04704025760293,-0.026503222063184,-0.094700016081333,0.098747231066227,0.10155282914639,0.074756592512131,-0.094676345586777,0.073495648801327,0.048411600291729,0.081993348896503,-0.019734464585781,0.22678391635418,-0.12294477969408,0.030563734471798,0.013021988794208,0.02671156078577,-0.093913316726685,-0.084414064884186,0.023098258301616,0.010324681177735,0.0014200644800439,-0.08002482354641,-0.011631387285888,-0.011132945306599,0.086026310920715,-0.021877028048038,0.033903036266565,-0.049308184534311,0.064459227025509,0.07015685737133,-0.052899979054928,-0.039076488465071,0.024369072169065,0.040573764592409,0.11771979182959,-0.10709337890148,0.057716492563486,-0.11737813800573,-0.024587640538812,0.0094965696334839,0.10016568750143,0.048990540206432
0.021934449672699,-0.022444050759077,0.11100114136934,-0.13724201917648,-0.037662614136934,0.081950530409813,-0.1899209022522,0.081140026450157,-0.11481083929539,-0.021557142958045,-0.018781993538141,-0.14108647406101,-0.063804008066654,0.073858000338078,0.16157405078411,0.056887026876211,0.042923659086227,0.058086801320314,0.1530741751194,-0.10557518154383,0.023821944370866,0.23183868825436,0.16409541666508,-0.036801632493734,-0.044577050954103,0.016948664560914,0.1588472276926,-0.033746711909771,0.02917080745101,-0.10006516426802,-0.0081805307418108,-0.1733530163765,0.090983748435974,-0.0069787660613656,0.11692365258932,0.07790195196867,0.031174868345261,-0.040158931165934,0.017389742657542,0.069053389132023,-0.17680621147156,0.053995709866285,-0.095526829361916,-0.032889828085899,0.0035780507605523,0.16611659526825,0.026631178334355,-0.019650969654322,-0.14375327527523,0.064976938068867,0.0065503790974617,0.059032898396254,0.074162170290947,0.035238910466433,-0.13823640346527,0.0099930362775922,0.24900890886784,-0.077065035700798,0.0010119398357347,0.015702145174146,0.030912177637219,0.089330069720745,-0.042957570403814,-0.0022817575372756,0.037100534886122,-0.096773065626621,-0.017628293484449,0.074914328753948,0.067567199468613,0.21304468810558,-0.017018269747496,-0.076598487794399,-0.098799705505371,-0.12338667362928,-0.021668454632163,-0.046137060970068,-0.096885748207569,0.010179216042161,0.014616422355175,-0.052563682198524,0.04768105968833,0.046865250915289,-0.053890235722065,-0.017060467973351,0.028296140953898,-0.00051883340347558,-0.10747257620096,-0.053109597414732,-0.098992876708508,0.12343925237656,0.085410133004189,0.10116170346737,-0.07112342864275,0.094827339053154,0.089813999831676,0.10756827145815,-0.017762513831258,0.17411023378372,-0.044545635581017,0.023136494681239,0.058485541492701,0.041081078350544,-0.06554763764143,-0.11941606551409,0.0619354583323,-0.046246748417616,0.027073659002781,-0.21610817313194,0.029886910691857,-0.033970762044191,0.015296757221222,-0.028510421514511,0.12641479074955,-0.077610172331333,0.048163004219532,0.074705056846142,0.024570548906922,-0.1129060909152,-0.021683083847165,-0.0029629212804139,0.069377340376377,-0.10077452659607,0.060822118073702,-0.058746971189976,0.031223367899656,-0.010879996232688,0.12691096961498,0.042854528874159
-0.053219094872475,0.028343703597784,0.13172098994255,-0.12989889085293,0.010355329141021,0.24907341599464,-0.176808193326,0.02987314760685,-0.060813408344984,-0.090236470103264,-0.065776728093624,-0.083328321576118,-0.093472264707088,-0.066581375896931,0.12969397008419,0.026736179366708,-0.10700552910566,-0.016887091100216,0.065694272518158,-0.2023634314537,0.11124455928802,0.16946363449097,0.035828061401844,-0.057125341147184,0.07028441876173,0.0500198751688,0.028609950095415,-0.11767619848251,-0.017938831821084,-0.11817743629217,0.18816044926643,-0.14563898742199,-0.071389444172382,0.037647511810064,0.1270854473114,0.1350167542696,-0.028457190841436,-0.16215282678604,0.098249070346355,0.07824818789959,0.020608568564057,-0.0075593055225909,-0.029477965086699,0.04017461463809,0.069130331277847,0.058074068278074,0.078554354608059,-0.028952924534678,-0.16670140624046,-0.026336064562201,-0.030965887010098,-0.012093863449991,0.050680711865425,-0.012319434434175,-0.076813377439976,0.056531384587288,0.098767906427383,0.03974262997508,-0.036872632801533,-0.069620661437511,0.0078340051695704,0.1055723130703,0.026726117357612,-0.038117431104183,0.087983585894108,-0.089986272156239,0.028684668242931,0.098764218389988,0.086575902998447,0.26378282904625,0.020777646452188,0.068591229617596,-0.089429281651974,-0.14305616915226,-0.0095147052779794,-0.035609226673841,-0.17800576984882,0.03857995942235,-0.038230832666159,0.046853117644787,-0.0060469582676888,0.13201956450939,0.071982957422733,0.048652835190296,-0.11691953986883,-0.011442795395851,0.071432918310165,0.0022821971215308,-0.12552599608898,0.051366545259953,0.087134070694447,0.04011145234108,-0.054706744849682,0.056120447814465,0.0016815620474517,0.11079281568527,-0.0029926784336567,0.11040840297937,-0.11544995754957,0.064770609140396,-0.022849068045616,-0.00079799036029726,-0.13541980087757,-0.079575262963772,0.049824215471745,0.0037126659881324,-0.056535299867392,-0.098421439528465,-0.098143547773361,-0.00022248277673498,0.022448180243373,-0.034933093935251,-0.038628842681646,-0.072934232652187,0.1242536008358,0.069310933351517,-0.082430057227612,-0.10643896460533,0.0097363293170929,0.032660726457834,0.15345473587513,-0.037262562662363,0.079102471470833,-0.060552854090929,0.016236800700426,0.00054960278794169,0.0965661033988,0.080563053488731
0.027038725093007,0.075691938400269,0.097283057868481,-0.11519771814346,0.090150251984596,0.16586002707481,-0.12934841215611,0.038514710962772,-0.063906475901604,-0.032194197177887,0.0074498052708805,-0.11477266997099,-0.094329833984375,-0.078439921140671,0.12096329033375,0.097513876855373,-0.010180309414864,0.066238656640053,0.050605203956366,-0.13969872891903,0.16162887215614,0.21620735526085,0.042499359697104,-0.099810600280762,0.075091160833836,0.0015658891061321,0.068853229284286,-0.043454989790916,0.10623639076948,-0.041441187262535,0.064998246729374,-0.15004482865334,-0.0037876039277762,0.023370465263724,0.19532462954521,0.063173517584801,0.046411734074354,-0.1528312265873,0.10769455879927,-0.050562135875225,-0.040863819420338,0.010764675214887,0.049161851406097,0.088080823421478,0.0037071167025715,0.11510427296162,0.07475720345974,0.014641545712948,-0.16895550489426,-0.011340398341417,-0.0067460075952113,0.062954001128674,-0.038459602743387,0.0012409219052643,-0.065259635448456,-0.0028916392475367,0.091825433075428,-0.07691141217947,-0.082330711185932,-0.042900126427412,0.032687272876501,-0.017273062840104,0.04207019507885,0.0041304733604193,0.092209912836552,-0.12808765470982,-0.063064247369766,0.065801441669464,0.090094901621342,0.24130050837994,0.022006096318364,0.033353380858898,-0.070936627686024,-0.20809333026409,-0.070779092609882,-0.051366027444601,-0.099824674427509,0.13257648050785,-0.037923283874989,-0.041007697582245,0.083082243800163,0.15436266362667,0.026310991495848,0.077012181282043,0.0031870969105512,-0.0051301512867212,-0.030115446075797,0.042815718799829,-0.063523799180984,0.15175803005695,0.1255951076746,0.040979076176882,-0.23204970359802,0.067491851747036,0.03110628016293,0.046876810491085,-0.023682357743382,0.14255172014236,-0.1131527274847,0.019793309271336,0.039839185774326,0.027239115908742,-0.049941591918468,-0.13440768420696,0.037304859608412,-0.0010202807607129,0.037391934543848,-0.071973718702793,0.049006905406713,0.00029196531977504,0.018474670127034,-0.060006130486727,-0.025838946923614,0.0013676873641089,0.1582101136446,0.015793303027749,-0.038640182465315,-0.099038526415825,-0.044002000242472,0.0061967992223799,0.10295045375824,0.0066530257463455,0.12649619579315,0.0011499362299219,0.071650378406048,-0.037340763956308,0.19941608607769,0.028020111843944
-0.047058917582035,0.076113112270832,0.10228379815817,-0.082444608211517,0.039878524839878,0.23742565512657,-0.20809490978718,-0.086887255311012,-0.011319908313453,-0.12106566876173,-0.042489971965551,-0.05160403996706,-0.11488291621208,-0.065447449684143,0.089857630431652,0.039011102169752,-0.072786167263985,0.065384082496166,0.055265489965677,-0.19298106431961,0.090107262134552,0.20257496833801,0.074158631265163,-0.028540577739477,0.10888105630875,-0.032683786004782,0.05040192976594,-0.052293628454208,-0.0039872601628304,-0.048453342169523,0.19593401253223,-0.13873998820782,-0.0099090682342649,-0.0081690400838852,0.16138677299023,0.089910499751568,-0.017441749572754,-0.21151800453663,0.12738835811615,0.068539150059223,0.0062810382805765,0.013719731010497,0.016305815428495,0.011989242397249,0.028395120054483,0.0088796690106392,0.069955095648766,-0.015817942097783,-0.12224365025759,0.013764657080173,-0.012854595668614,0.0049970662221313,0.1199753805995,-0.028048364445567,-0.14589655399323,0.044215872883797,0.1204042211175,0.017066055908799,-0.071711130440235,-0.045533161610365,-0.043589442968369,0.13829158246517,0.048161573708057,-0.055117249488831,0.051256749778986,-0.058242227882147,0.011635974049568,0.034804724156857,-0.032742597162724,0.23259101808071,0.039283569902182,0.032702460885048,-0.081238813698292,-0.15150991082191,-0.0010221586562693,-0.007590439170599,-0.16065998375416,-0.062260527163744,-0.077049054205418,0.056718159466982,0.044877663254738,0.15398491919041,0.080496534705162,0.093762882053852,-0.066959992051125,0.040706224739552,-0.028564896434546,-0.045245978981256,-0.17706450819969,0.07323033362627,0.06199449673295,0.020862886682153,-0.060128461569548,0.092351600527763,0.03965325281024,0.065690882503986,-0.090113505721092,0.15596829354763,-0.12973289191723,0.047494512051344,0.01959609799087,-0.025628417730331,-0.10003937035799,-0.064546465873718,0.07131952047348,0.02973735332489,0.029995176941156,-0.10488990694284,-0.082297392189503,0.042211763560772,0.03351292014122,-0.076380088925362,0.039542134851217,-0.013164741918445,0.03660724312067,0.046164374798536,-0.10422144830227,0.018437618389726,0.029505431652069,0.05847729742527,0.15193119645119,-0.081313095986843,0.02487862482667,-0.13142475485802,0.013283879496157,0.034846074879169,0.090768903493881,0.079425767064095
0.0574571788311,0.10039274394512,0.093498721718788,-0.043481726199389,0.05164722725749,0.19191579520702,-0.13147568702698,-0.028665302321315,-0.014940776862204,-0.092811092734337,0.058322004973888,-0.098538093268871,-0.11229114979506,-0.080679506063461,0.080928713083267,0.083756938576698,-0.031537745147943,0.076791971921921,0.015816343948245,-0.15600702166557,0.16405043005943,0.20851239562035,0.034574657678604,-0.093567624688148,0.10236138850451,-0.053830623626709,0.068402983248234,-0.025969399139285,0.057356864213943,-0.0010604781564325,0.073030613362789,-0.14472824335098,0.0098625971004367,0.026248881593347,0.19064715504646,0.066393449902534,0.020770907402039,-0.17551724612713,0.10039513558149,-0.043161328881979,-0.052272941917181,-0.002544627757743,0.04211987182498,0.070997640490532,0.010705563239753,0.087359577417374,0.050790768116713,-0.01666677929461,-0.17534439265728,0.0050868871621788,0.009549374692142,0.091198340058327,-0.0092985294759274,0.0093866921961308,-0.082202889025211,0.00063873239560053,0.060167361050844,-0.077273890376091,-0.099500849843025,-0.027980068698525,0.0013639820972458,-0.014171041548252,0.070535697042942,-0.035567291080952,0.090120501816273,-0.10008158534765,-0.044207897037268,0.049423918128014,0.022015331313014,0.26729506254196,0.046337518841028,0.012435351498425,-0.069086976349354,-0.22069604694843,-0.068121708929539,-0.039468109607697,-0.0850825086236,0.0460817925632,-0.092030331492424,0.0014356230385602,0.078962549567223,0.12488190084696,0.024776630103588,0.047083977609873,-0.02913205884397,0.037544753402472,-0.06354545801878,-0.03083348274231,-0.11383438110352,0.17509439587593,0.11346836388111,-0.025385361164808,-0.22443903982639,0.079771392047405,0.017728032544255,0.042769439518452,-0.047036670148373,0.10291045159101,-0.076253212988377,0.036927796900272,0.047180540859699,0.037807915359735,-0.052054587751627,-0.13037732243538,0.055133830755949,0.021747075021267,0.071032099425793,-0.044831104576588,0.0046587334945798,-0.0073246713727713,0.010212684981525,-0.082764625549316,-0.011317249387503,0.0026031124871224,0.15635292232037,0.012879827991128,-0.054623745381832,-0.031216535717249,0.017689576372504,0.026429483667016,0.10606043040752,-0.030607366934419,0.11216989159584,-0.0022139330394566,0.15578383207321,-0.01654033921659,0.25012814998627,0.034338563680649
0.0012693443568423,0.11261828988791,0.084845349192619,-0.19052818417549,0.015701791271567,0.14832431077957,-0.19642412662506,-0.007794288918376,-0.037247072905302,-0.11517070233822,-0.00016622892871965,-0.078119724988937,-0.06113824993372,-0.064192593097687,0.081478618085384,0.095815502107143,-0.06012812256813,-0.029268531128764,0.053396321833134,-0.11983579397202,0.13465359807014,0.2634357213974,0.068642027676105,0.0082489587366581,0.034143202006817,0.07772932946682,0.18166327476501,-0.054589297622442,0.13825109601021,0.0033672610297799,0.07953392714262,-0.17261405289173,0.058735992759466,0.064565733075142,0.12259591370821,0.044134736061096,0.086775623261929,-0.047038752585649,0.13504998385906,0.06827849894762,-0.073744527995586,-0.038239140063524,0.04776668176055,0.091916993260384,0.04760755226016,0.082507878541946,0.13214249908924,-0.00075547222513705,-0.18756738305092,0.053568534553051,-0.040023740381002,0.042986828833818,0.03682117909193,0.034977395087481,-0.049408819526434,0.028096226975322,0.11236194521189,0.043359708040953,-0.12141513079405,-0.084753185510635,-0.029696436598897,-0.0064155329018831,0.13161958754063,0.0034278542734683,0.027181882411242,-0.11615719646215,-0.022761568427086,0.021094979718328,0.034312218427658,0.17952188849449,-0.063218533992767,-0.051775239408016,-0.15979650616646,-0.11176680028439,0.066377244889736,-0.089195981621742,-0.085302837193012,0.070460990071297,-0.01775367744267,0.064148023724556,0.10057407617569,0.13788716495037,0.061286687850952,0.064331956207752,-0.0091515025123954,-0.038462866097689,-0.034852966666222,-0.0014138608239591,-0.073311135172844,0.13984054327011,0.12946265935898,-0.028071139007807,-0.15953229367733,0.12486752867699,0.071545198559761,0.074980840086937,-0.069481335580349,0.18884752690792,-0.047005835920572,-0.011457486078143,-0.016088977456093,-0.0093061532825232,-0.11355598270893,0.0067086219787598,-0.01076952368021,0.0051865531131625,-0.027387989684939,-0.069646820425987,-0.00069714634446427,-0.093296200037003,0.077161379158497,0.0072450041770935,-0.053084503859282,0.03892420232296,0.08664221316576,0.072572730481625,-0.034169089049101,-0.10500857979059,-0.0028865097556263,0.081332825124264,0.15102030336857,0.0017343587242067,0.085740856826305,-0.049480356276035,-0.034949343651533,-0.0097572384402156,0.13762047886848,0.029923893511295
0.019338173791766,0.068656392395496,0.13400337100029,-0.074480570852757,0.050221618264914,0.21274714171886,-0.16840264201164,-0.027919137850404,-0.0077522289939225,-0.076529905200005,0.02751057036221,-0.085046418011189,-0.096976339817047,-0.13818430900574,0.094282552599907,0.063030540943146,-0.073635064065456,0.072144590318203,0.010135486721992,-0.1099531725049,0.15509532392025,0.22584213316441,0.04046181216836,-0.028859872370958,0.052315346896648,-0.013412567786872,0.033322744071484,-0.059417862445116,0.070434547960758,-0.039668601006269,0.097788766026497,-0.17001660168171,0.0027206598315388,0.037190102040768,0.23238444328308,0.062456667423248,0.053450953215361,-0.14555269479752,0.12258167564869,-0.061215434223413,-0.028573555871844,-0.023333076387644,0.01690112054348,0.027688082307577,0.0081437826156616,0.020338956266642,0.062433455139399,0.05175743997097,-0.15041379630566,0.05304691568017,-0.030446602031589,0.04846303537488,0.049592386931181,0.022898878902197,-0.047557309269905,-0.017383242025971,0.10154184699059,-0.093023039400578,-0.1248257830739,-0.09533154219389,-0.016422798857093,0.044687718153,0.078825056552887,-0.012623167596757,0.045669849961996,-0.064838767051697,-0.021725796163082,0.034048095345497,0.014035015366971,0.19603405892849,0.010281263850629,-0.0097497515380383,-0.076446697115898,-0.16277597844601,-0.028932619839907,-0.067653082311153,-0.12214038521051,0.032596968114376,0.0075974673964083,0.052682761102915,0.11555518209934,0.1481498926878,0.052326239645481,0.062343630939722,0.023184631019831,0.010895445011556,-0.049454856663942,0.045058775693178,-0.065980933606625,0.18423840403557,0.15327607095242,0.014598691835999,-0.14541447162628,0.12105835229158,-0.03766356036067,0.010935089550912,-0.07124450057745,0.13679948449135,-0.11976328492165,-0.0058154272846878,0.11753728240728,0.020510625094175,-0.087262980639935,-0.16059014201164,0.093094274401665,0.034504033625126,0.099439688026905,-0.10575277358294,0.0231748893857,0.055231727659702,0.033953063189983,-0.042923785746098,0.0078951884061098,0.0052071753889322,0.11914748698473,0.037327937781811,-0.07650101929903,-0.019686391577125,-0.042860846966505,0.0097705842927098,0.12159042805433,-0.054168712347746,0.1152224317193,-0.058878351002932,0.055713765323162,0.022598758339882,0.22598254680634,0.046500343829393
0.0032647904008627,0.051698867231607,0.0010488724801689,-0.075725331902504,0.064884252846241,0.18971188366413,-0.10882745683193,-0.12560307979584,0.0066051604226232,-0.078938096761703,-0.018251247704029,-0.036033045500517,-0.12270643562078,0.031529519706964,0.068822100758553,-0.0031827630009502,-0.017836105078459,0.16491231322289,0.080053649842739,-0.19574169814587,0.028463182970881,0.21428862214088,0.066084615886211,-0.029709273949265,0.052827473729849,-0.070844061672688,0.074319384992123,0.00021947533241473,-0.024463701993227,0.028987040743232,0.095211058855057,-0.12436554580927,0.016967719420791,-0.046454574912786,0.18570259213448,0.070859789848328,-0.040146186947823,-0.22211056947708,0.059746440500021,0.038242116570473,-0.05393148958683,0.087123684585094,0.021126804873347,0.077823743224144,-0.04115093126893,0.028348229825497,0.026738777756691,0.010268779471517,-0.080992348492146,0.030699269846082,0.0064255548641086,-0.013061387464404,0.097657218575478,-0.042134314775467,-0.13980300724506,0.074835054576397,0.061754908412695,0.093771934509277,-0.068166479468346,0.032935108989477,-0.047386229038239,0.12398434430361,0.11676982045174,-0.068328946828842,0.070033825933933,-0.052397914230824,-0.037679191678762,0.00054196338169277,-0.088581770658493,0.24021038413048,0.081782080233097,0.0089385854080319,-0.025272093713284,-0.14309898018837,-0.11096399277449,0.0034031060058624,-0.10360389202833,-0.13465121388435,-0.098809309303761,-0.10426169633865,0.078607983887196,0.14628605544567,-0.020615912973881,0.026902578771114,-0.063409455120564,-0.001961498754099,-0.089414492249489,-0.12594971060753,-0.1319442242384,0.12744218111038,0.071497678756714,-0.0089923227205873,-0.089126922190189,0.0067489305511117,0.15220552682877,0.090545758605003,-0.094596110284328,0.11938063055277,-0.071118831634521,0.095820367336273,0.040261432528496,0.024316603317857,-0.01645777374506,-0.1390565931797,-0.0039118444547057,0.035518288612366,0.030126174911857,-0.18009002506733,-0.088316053152084,0.072550527751446,0.10930316150188,-0.09665884822607,0.11630318313837,-0.017691008746624,0.016458543017507,0.026685597375035,0.016202174127102,0.027236932888627,0.072176970541477,0.025448374450207,0.1473394036293,-0.14751076698303,0.034752022475004,-0.10821985453367,0.022333944216371,0.021100796759129,0.087531469762325,0.028556827455759
-0.033197909593582,0.090606160461903,0.087767012417316,-0.12927949428558,0.066702321171761,0.1951876282692,-0.1887581795454,-0.068851850926876,-0.022171946242452,-0.042884483933449,-0.0085045043379068,-0.072862938046455,-0.096633493900299,-0.085418313741684,0.092630691826344,0.075950510799885,-0.099816747009754,0.043590102344751,0.051087714731693,-0.16092370450497,0.09106358140707,0.25057616829872,0.070758782327175,-0.072898827493191,0.063056960701942,0.011010413989425,0.1067316904664,-0.036230955272913,0.080023899674416,-0.019801698625088,0.11433049291372,-0.16380077600479,-0.011944645084441,-0.020252671092749,0.17449527978897,0.083141326904297,-0.014408124610782,-0.2000418305397,0.11620561778545,0.070008039474487,-0.037654016166925,-0.027691146358848,-0.025477793067694,0.07737173885107,0.0053679929114878,0.10781347751617,0.054698418825865,0.04650903865695,-0.11493719369173,0.0081018647179008,0.013166474178433,0.10512441396713,0.023591794073582,-0.039805773645639,-0.12557533383369,0.011580902151763,0.12269007414579,-0.040347520262003,-0.097330309450626,0.020842909812927,-0.0076294569298625,0.041870314627886,0.071027435362339,0.036665014922619,0.064927294850349,-0.17819632589817,-0.024499291554093,0.067625157535076,0.053766757249832,0.26301470398903,0.02705242857337,0.043835438787937,-0.081994690001011,-0.17275151610374,-0.031476508826017,-0.021931134164333,-0.14519612491131,0.0553611330688,-0.069138340651989,0.050722274929285,0.1236602589488,0.1265482455492,0.063341438770294,0.13870587944984,-0.043670356273651,-0.0038116343785077,-0.019911900162697,0.0039827777072787,-0.13875158131123,0.11545883119106,0.061764348298311,0.059446204453707,-0.14099234342575,0.12322624772787,-0.0013752868399024,0.029453262686729,-0.071881040930748,0.12353753298521,-0.070091284811497,0.0053684539161623,0.072285637259483,0.021815616637468,-0.093329735100269,-0.11702471226454,0.083633609116077,-0.014234351925552,0.027744179591537,-0.071834646165371,0.010286513715982,0.05777807533741,0.049324795603752,-0.060333840548992,0.0076007703319192,0.017844039946795,0.051598880439997,0.065468318760395,-0.074621886014938,0.0045439954847097,-0.032581400126219,0.061536606401205,0.12560544908047,-0.055119700729847,0.049142450094223,-0.08595860004425,0.0083285020664334,0.024789379909635,0.11069696396589,0.079283185303211
0.057320814579725,0.11757661402225,-0.031921576708555,-0.10877849161625,-0.049878273159266,0.11702004820108,-0.087418451905251,-0.057401448488235,0.035209182649851,-0.06484055519104,0.13851578533649,-0.078713297843933,-0.052053354680538,0.071017898619175,0.055481687188148,0.02320840395987,-0.055471602827311,-0.091488867998123,0.021653288975358,-0.15492217242718,-0.011527891270816,0.21865646541119,0.032975167036057,-0.086490422487259,0.014512192457914,-0.0046758418902755,0.22044797241688,0.055657178163528,0.054078750312328,0.026304455474019,0.013732896186411,-0.1587610244751,0.021672347560525,-0.028063787147403,0.00017990304331761,0.099748283624649,-0.033138003200293,-0.066667072474957,0.061197612434626,0.23394474387169,-0.097504049539566,0.0059471419081092,-0.14213934540749,0.059502769261599,0.013086597435176,0.17257623374462,-0.046692088246346,-0.038966968655586,-0.078449226915836,-0.028606355190277,-0.0065019032917917,0.2390451580286,-0.057764295488596,0.0048914784565568,-0.15409405529499,0.030887460336089,0.0094723040238023,0.064699552953243,-0.11678934842348,0.16519778966904,-0.087545081973076,-0.068944118916988,0.13952113687992,-0.021212007850409,0.018886510282755,-0.14902816712856,0.047078464180231,0.12184578180313,0.052265081554651,0.22674672305584,0.09343957901001,-0.0055479239672422,-0.07051482796669,-0.12793384492397,0.061911791563034,0.02050499804318,-0.078705444931984,-0.015140265226364,-0.16542631387711,0.063804127275944,0.080018624663353,-0.020244548097253,0.032757025212049,0.039607595652342,-0.12413857132196,0.048893604427576,0.0077031971886754,-0.16244569420815,-0.16345842182636,0.050076391547918,0.0047529307194054,-0.10282472521067,-0.097280763089657,0.10856103897095,0.059114459902048,-0.015204405412078,-0.026129463687539,-0.08285167068243,0.10339307039976,0.047338757663965,-0.047774821519852,0.06198824942112,-0.069485157728195,-0.018046082928777,-0.015041234903038,0.0093516865745187,-0.015388602390885,0.0055831912904978,-0.039617922157049,-0.089592754840851,0.074470117688179,-0.045414440333843,0.00038524955743924,0.05028322711587,0.048157647252083,0.090953297913074,-0.053624112159014,0.025182129815221,0.082475528120995,0.07696171849966,0.06613889336586,-0.10590394586325,0.0023908419534564,0.047538332641125,0.14850342273712,0.017834594473243,0.085768766701221,0.066822223365307
0.026732658967376,-0.20645435154438,-0.096466273069382,-0.016748618334532,0.17071276903152,0.0066181821748614,0.01373291388154,0.12961211800575,0.0027179650496691,-0.069986946880817,0.0091756684705615,0.1396795809269,-0.023849237710238,-0.06737457215786,-0.081151150166988,-0.029199380427599,-0.011283056810498,0.16970300674438,-0.040396604686975,0.055346801877022,0.06679630279541,0.016858926042914,0.028436299413443,0.10111582279205,-0.022701403126121,-0.092844620347023,0.11883372813463,-0.06984043866396,-0.11442641913891,-0.03993945941329,-0.071937792003155,-0.11496192961931,0.0092898812144995,0.017901219427586,-0.038197714835405,0.0012285568518564,-0.081557527184486,-0.26623666286469,-0.1496107429266,-0.0071709984913468,0.16053485870361,0.050652340054512,0.011424303986132,0.18450416624546,-0.16748481988907,-0.039426803588867,-0.0051642521284521,-0.010801045224071,0.034221783280373,0.059557262808084,-0.0097012091428041,-0.19944509863853,-0.085807099938393,-0.023829590529203,-0.01690455712378,0.025680826976895,-0.02620262093842,-0.0058761294931173,0.00062661344418302,0.12089506536722,0.065388135612011,0.02001379430294,-0.012611516751349,0.10777115821838,-0.026062771677971,-0.20585238933563,-0.11589603126049,0.011032726615667,0.10957300662994,0.045525271445513,0.015383130870759,0.021744564175606,0.064960055053234,-0.17391838133335,-0.084824040532112,0.10196568071842,-0.040801171213388,0.15882322192192,-0.080359645187855,-0.10572759062052,-0.05492827668786,0.082473456859589,-0.010350286960602,0.047705933451653,-0.073525093495846,0.1793455183506,0.1052134335041,0.032933413982391,-0.11908888816833,-0.0093017360195518,0.04093461856246,0.018690539523959,-0.18706159293652,-0.1124953776598,-0.00025901210028678,0.028020078316331,-0.11934839934111,-0.048587806522846,-0.060996670275927,-0.028060402721167,0.011656239628792,-0.093627780675888,0.1139981970191,-0.089332848787308,0.067022241652012,-0.056271277368069,-0.082961149513721,0.046117376536131,-0.20112957060337,0.041542042046785,0.017750727012753,-0.062736839056015,0.10416602343321,-0.052183177322149,-0.090266764163971,-0.013439934700727,0.0069862217642367,-0.061833124607801,-0.024411350488663,0.038159810006618,-0.0056226057931781,0.020960684865713,-0.11152599006891,0.030234636738896,-0.077903531491756,-0.027523351833224,-0.12654858827591,0.026040215045214
0.054009169340134,-0.11069762706757,-0.049793787300587,0.050096824765205,0.10595235228539,-0.058439694344997,0.066134363412857,0.084738202393055,-0.06592845916748,0.028793834149837,0.031509146094322,0.140410348773,0.061051454395056,-0.013877346180379,-0.041524175554514,-0.059219736605883,0.064255237579346,0.034848410636187,-0.10979353636503,0.11506327241659,-0.093242265284061,0.01576242223382,0.010300067253411,-0.016104329377413,-0.050754077732563,-0.026333497837186,0.011188771575689,0.063719548285007,-0.09783386439085,-0.032503459602594,-0.097121015191078,0.064338102936745,-0.036567691713572,-0.014462575316429,-0.15553726255894,-0.036813229322433,-0.16286291182041,-0.097864173352718,-0.16836880147457,0.081577219069004,0.12559098005295,0.046047300100327,-0.09037110209465,0.12447861582041,-0.1850139349699,0.021529851481318,-0.094513580203056,-0.0053206286393106,0.10822423547506,0.04357373341918,0.16893199086189,0.028677402064204,-0.19032406806946,-0.073942936956882,-0.046455651521683,-0.08262761682272,-0.098510265350342,-0.039021238684654,0.11989615857601,0.18405736982822,-0.0072762267664075,-0.071815490722656,-0.13316375017166,0.13968290388584,-0.044865604490042,-0.2384852617979,-0.019331907853484,0.051863860338926,0.03290643543005,0.0094789294525981,0.11768448352814,0.067524433135986,0.17452023923397,-0.016701146960258,-0.094940863549709,0.10520938038826,-0.055411741137505,0.040296066552401,-0.072165094316006,0.060020051896572,-0.011099804192781,-0.10901990532875,0.062413670122623,0.058542978018522,-0.015123886056244,0.0069307247176766,0.1538710296154,-0.013690267689526,-0.076839946210384,-0.085313320159912,-0.16987325251102,0.048015974462032,-0.090822771191597,-0.056162178516388,-0.10139925777912,-0.083100765943527,0.055277869105339,-0.17936505377293,-0.05293358489871,-0.087477475404739,-0.048303339630365,0.095580130815506,0.1267444640398,0.048539981245995,-0.028254088014364,-0.10149563103914,-0.088324688374996,0.17152714729309,0.021725120022893,0.023466126993299,0.034827630966902,-0.005403536837548,-0.037633176892996,0.045164875686169,-0.12790779769421,-0.087945155799389,-0.013115630485117,0.0070663704536855,-0.023358032107353,0.060292202979326,-0.075400970876217,0.044577974826097,-0.12739686667919,0.044924892485142,0.085905842483044,-0.085298240184784,-0.077065721154213,0.033600267022848
0.073798649013042,0.12968225777149,-0.09850550442934,-0.063521355390549,-0.0054791164584458,-0.020902771502733,0.095434077084064,-0.099985256791115,-0.014428931288421,-0.026679389178753,0.10043884068727,-0.02811280079186,0.017527541145682,0.13991114497185,0.076653122901917,0.038266818970442,0.040999937802553,-0.13745518028736,0.057855498045683,-0.13038067519665,-0.04035434871912,0.16278292238712,-0.05390964448452,-0.13621205091476,0.02493448369205,0.11298602819443,0.061066035181284,0.041282474994659,0.18161039054394,0.14161111414433,-0.012165809050202,0.1133376210928,0.0038779086899012,-0.059752199798822,-0.03597866371274,5.3709136409452e-05,0.059902552515268,0.10763338208199,0.19074818491936,0.17434501647949,-0.0037525496445596,0.068374127149582,-0.027940806001425,0.037680581212044,-0.036946751177311,0.14430728554726,-0.0026170336641371,-0.10318867862225,0.0044179796241224,-0.20900656282902,-0.036454010754824,0.20738293230534,-0.04887381196022,0.025088388472795,-0.07494692504406,0.033080615103245,-0.015314121730626,0.17566342651844,-0.11198857426643,0.16635401546955,-0.11950091272593,-0.15946958959103,0.13602493703365,-0.038299098610878,0.01887808740139,0.011236752383411,0.073713608086109,0.036901667714119,0.077648617327213,-0.0069367750547826,0.063051789999008,0.02184003405273,-0.031868956983089,0.046356495469809,0.097448915243149,-0.018144400790334,-0.039090856909752,-0.067696310579777,-0.15018823742867,0.02359239757061,0.094369061291218,0.036088924854994,0.054236609488726,0.011536093428731,-0.0021275896579027,-0.047415666282177,0.049365039914846,-0.1450396925211,-0.12749409675598,-0.07366618514061,0.0044929394498467,-0.090546302497387,-0.082794852554798,0.018268099054694,0.093033626675606,-0.078187189996243,0.058454606682062,-0.039506789296865,0.13790315389633,0.069536328315735,-0.1755845695734,0.037539266049862,0.053393393754959,0.16249364614487,-0.18405276536942,0.016733735799789,0.0072251916863024,0.11949323117733,0.09555347263813,-0.12123733013868,0.07263757288456,-0.061669360846281,-0.15365260839462,0.054473672062159,0.044881414622068,0.021376442164183,-0.0073892478831112,-0.061958223581314,0.063140116631985,0.0073599903844297,0.06330419331789,-0.0035967291332781,0.0036677995231003,0.068089328706264,0.063041716814041,-0.023114496842027,-0.0074616554193199,0.043569810688496
0.09248448163271,0.083777733147144,-0.053117442876101,0.10007216781378,0.049741920083761,0.054331067949533,0.02507727779448,0.0033944395836443,-0.028660451993346,0.047332819551229,0.16067948937416,0.024872176349163,0.090324357151985,-0.049653172492981,-0.0027573599945754,0.056228198111057,0.070520013570786,0.17648504674435,-0.12122614681721,0.095439292490482,0.092261999845505,-0.081766873598099,0.10548329353333,0.012802237644792,-0.022531984373927,-0.23234084248543,-0.11092783510685,-0.06724476069212,-0.089610107243061,0.084455475211143,-0.060873840004206,0.040483050048351,0.030060708522797,0.11913711577654,-0.054195120930672,0.015247990377247,0.0074804807081819,-0.066735297441483,-0.047093510627747,0.051715094596148,-0.064918614923954,-0.019289385527372,0.022623898461461,-0.034563913941383,-0.095455914735794,-0.077409543097019,0.045134138315916,-0.02193902246654,-0.042393017560244,0.1820484995842,0.13808134198189,-0.068111836910248,-0.23202215135098,0.050915814936161,-0.077275961637497,0.0012459576828405,0.018645325675607,-0.11246927082539,0.031598821282387,0.14548845589161,-0.0069641629233956,-0.020866153761744,-0.05099481344223,-0.1855004131794,0.079993046820164,-0.16445700824261,-0.058688800781965,-0.0096236523240805,-0.11400014162064,0.10434064269066,0.047489181160927,0.073482431471348,0.0042212721891701,-0.0064573655836284,-0.10115700960159,0.0056434134021401,0.090948507189751,0.072370864450932,-0.10063882172108,-0.064159795641899,-0.087528206408024,-0.083343617618084,-0.069635272026062,0.036762405186892,-0.111159093678,0.23423846065998,-0.042644120752811,-0.16704235970974,-0.024677354842424,0.027035169303417,-0.051461841911077,-0.15704733133316,-0.07592585682869,-0.063192062079906,0.011028517968953,-0.031583305448294,-0.14760279655457,0.013216107152402,-0.09175431728363,0.085839137434959,-0.0045378794893622,0.019032517448068,0.021619701758027,0.082360289990902,0.1689465790987,0.020409835502505,0.00014477639342658,0.10487575829029,-0.03361214697361,0.011828574351966,-0.20763626694679,-0.049030978232622,0.0769297555089,0.034226834774017,-0.042068969458342,-0.024967338889837,0.12212235480547,0.030581619590521,0.012534682638943,0.13089245557785,-0.044315852224827,0.037035826593637,-0.047707054764032,0.1902015209198,0.10325209051371,-0.076927162706852,0.032819420099258,0.025254733860493
